State,LifeExp2018,LifeExp2010,MaleLifeExp,FemLifeExp
Alabama,75.4,75.4,72.6,78.1
Alaska,78.8,78.0,76.7,81.2
American_Samoa,74.8,74.0,73.0,77.0
Arizona,79.9,79.3,77.5,82.3
Arkansas,75.9,76.0,73.1,78.6
California,81.6,80.6,79.4,83.8
Colorado,80.5,80.1,78.5,82.5
Connecticut,80.9,80.7,78.7,83.0
Delaware,78.4,78.3,76.2,80.6
District_of_Columbia,78.6,76.5,75.7,81.3
Florida,80.0,79.0,77.3,82.6
Georgia,77.8,77.3,75.4,80.0
Guam,80.7,78.2,77.6,83.8
Hawaii,82.3,81.4,79.3,85.3
Idaho,79.3,79.4,77.4,81.2
Illinois,79.3,79.0,77.0,81.6
Indiana,77.0,77.5,74.6,79.3
Iowa,79.4,79.6,77.2,81.6
Kansas,78.5,78.6,76.3,80.7
Kentucky,75.4,75.9,72.8,77.9
Louisiana,76.1,75.8,73.4,79.0
Maine,78.7,79.1,76.6,81.0
Maryland,79.1,79.0,76.7,81.4
Massachusetts,80.5,80.5,78.2,82.6
Michigan,78.0,78.0,75.7,80.2
Minnesota,81.0,80.8,79.0,83.0
Mississippi,74.9,74.8,71.9,78.0
Missouri,77.3,77.4,74.9,79.8
Montana,78.8,78.5,76.8,81.0
Nebraska,79.6,79.7,77.4,81.7
Nevada,78.5,77.8,76.1,81.0
New_Hampshire,79.5,80.3,77.5,81.4
New_Jersey,80.4,80.0,78.2,82.5
New_Mexico,78.1,78.2,75.3,81.0
New_York,81.3,80.3,79.0,83.4
North_Carolina,78.0,77.8,75.5,80.3
North_Dakota,79.9,79.7,77.6,82.5
Northern_Mariana_Islands,76.4,76.9,73.6,79.3
Ohio,76.9,77.7,74.6,79.2
Oklahoma,76.0,75.7,73.7,78.4
Oregon,79.8,79.5,77.8,81.9
Pennsylvania,78.3,78.5,75.8,80.6
Puerto_Rico,81.3,78.7,77.6,84.7
Rhode_Island,79.9,79.5,77.7,82.1
South_Carolina,77.0,76.8,74.4,79.6
South_Dakota,79.1,79.3,76.7,81.6
Tennessee,76.0,76.2,73.3,78.6
Texas,79.1,78.4,76.8,81.5
U.S._Virgin_Islands,81.2,79.2,76.3,85.6
Utah,79.9,79.8,78.2,81.6
Vermont,79.7,80.1,77.8,81.7
Virginia,79.5,79.1,77.4,81.5
Washington,80.4,80.1,78.4,82.4
West_Virginia,74.8,75.5,72.4,77.4
Wisconsin,79.4,79.6,77.3,81.5
Wyoming,79.0,78.1,77.1,81.1
